first name, middle, last name, DOB, salary, email, gender, phone, street, state, city, zip
Rena,X,Simpson,11/20/1973,$5463.17,pihgudam@bejdu.io,Female,(855) 498-3567,Fofaw Boulevard,OH,Azbirpi,74888
Ina,F,Tate,6/21/1980,$4233.33,suzsoc@veoju.pr,Male,(338) 331-2429,Pive Place,VA,Sutecmer,13249
Vincent,C,Weaver,5/4/1970,$7357.84,cehwokki@fobabefah.eg,Female,(643) 609-2738,Giben View,NH,Hegengow,54822
Jesus,W,Jefferson,12/1/1984,$7525.00,di@fozub.lu,Male,(235) 215-4961,Tazju Heights,PA,Rotodi,00900
Amy,B,Gutierrez,12/25/1966,$6758.71,cojbo@oconeceze.ru,Male,(914) 764-8922,Mani Court,KY,Vuzahu,26885
Adeline,N,Garrett,12/26/1977,$642.54,ufano@wumzebwo.co.uk,Male,(705) 223-3521,Desoc Lane,AL,Kakinu,42914
Adeline,S,Foster,5/20/1980,$3958.98,ewuaca@uzorud.at,Male,(639) 688-8663,Kovgo Grove,TN,Zecbijku,27340
Marvin,J,Fernandez,11/5/1991,$6864.49,tihpap@pew.gm,Male,(365) 823-9436,Rimub Highway,AR,Rirnusja,08912
Inez,G,Peters,11/8/1998,$589.06,kemwes@nino.bf,Female,(430) 446-8924,Dokpo Avenue,MT,Dibovdi,28929
Leonard,A,Norman,3/14/1956,$6861.22,la@tujiro.kh,Female,(881) 223-3857,Tolad Trail,UT,Ulinuvtoc,59540
Herman,V,Garner,6/25/1989,$7010.89,ah@niligos.edu,Female,(916) 921-5627,Jinoh Point,MD,Enacoase,95149
Amelia,P,Stone,11/25/1974,$7327.99,hus@terocej.us,Male,(688) 599-4253,Donge Path,WI,Malokikib,81149
Ralph,K,Frazier,7/18/1959,$6294.11,olu@vafveuva.tz,Female,(384) 206-8236,Hekmok Glen,ME,Birifwu,17798
Sue,J,Davidson,6/20/1998,$869.65,icuca@etmigfij.pg,Male,(413) 621-7518,Jevoj Circle,WA,Wifajluj,83928
Verna,Z,Jackson,9/30/1996,$9369.23,apivegi@bil.vg,Female,(806) 899-1574,Sebi Loop,NC,Tabrommec,22593
Gary,Z,Leonard,11/6/1993,$346.31,ugiro@saj.mo,Male,(704) 359-4777,Ewfa Square,NJ,Avcioc,63719
Francisco,M,Flowers,6/3/1999,$5328.10,puk@adaepnet.mn,Female,(384) 756-6745,Camre View,AZ,Zeijaaca,53187
Violet,R,Lawrence,11/25/1986,$2620.98,tiumime@bibe.cd,Male,(411) 659-6446,Cukze Lane,MT,Jelcopa,32683
Francis,C,Jensen,5/14/1973,$1104.26,duzizaesi@azguha.gy,Male,(467) 668-2245,Pajipi River,VA,Sinwuva,25107
Randall,K,Garza,10/27/1957,$2362.51,fifdotfe@zud.cv,Male,(412) 404-4952,Acuri Circle,AR,Cosibmar,68636
Sadie,T,Meyer,5/17/1959,$3160.74,wucuj@kukagebom.ht,Female,(785) 799-6750,Fuca Extension,MS,Izupuruf,44414
Ernest,N,Summers,2/23/2001,$4550.45,mah@vocij.us,Female,(711) 656-5383,Goru Plaza,WA,Bofombop,20382
Derrick,W,Bates,12/23/1965,$8161.38,jebfep@wibpuh.gd,Male,(953) 517-8144,Givke Glen,WY,Sazohil,04802
Gordon,N,Stephens,2/8/1982,$7610.29,lakeg@ideto.dk,Male,(817) 486-7085,Reha Drive,MS,Lerjadve,95822
Todd,I,Jefferson,4/3/1959,$4786.55,muzut@ih.kz,Male,(788) 593-6497,Nefzit Ridge,UT,Sogokluh,20685
Angel,D,Ramsey,11/28/1978,$8542.97,fag@dawes.fr,Male,(900) 668-2950,Muwaj Glen,DE,Kucekuc,69983
Edwin,H,Huff,5/29/1994,$8298.99,zabfo@ziksim.dz,Male,(313) 791-2890,Goza River,HI,Ezifeiz,64517
Ina,S,Wagner,8/12/1970,$2059.92,atikijwav@fehcaci.gg,Male,(573) 950-3152,Sunas River,WA,Vogzucuk,34922
Wesley,M,Elliott,7/2/1965,$4968.27,waonlo@halcem.lc,Male,(365) 512-1399,Lirah Heights,MT,Mejaslib,06091
Sylvia,L,Morris,11/30/1968,$9944.51,lomfetke@ofcovet.tj,Female,(344) 596-2042,Niuri Manor,IA,Kigwaemo,73459
Winifred,J,Garcia,3/30/1967,$9407.40,azoken@finjepup.co,Male,(266) 485-7019,Seoj Boulevard,MS,Ejgedzi,58619
David,A,Norton,7/17/1966,$8968.52,vev@kizosu.gl,Female,(943) 224-7509,Cedvar Heights,AR,Liwseku,01731
Sara,U,Hamilton,4/18/1996,$344.38,zewwisa@digawoc.nu,Female,(280) 535-7904,Ranvos Terrace,KS,Nusupuevo,41257
Daniel,I,French,9/16/1966,$4833.46,enri@lo.er,Male,(269) 609-5165,Birluj Heights,MA,Litdehe,25500
Tyler,K,Christensen,1/31/1956,$3275.26,ihi@riinunu.al,Male,(309) 383-6692,Fehu Avenue,WV,Boozbip,43422
Charlotte,C,McCormick,12/13/1955,$1986.79,mimarap@em.lv,Female,(636) 292-7366,Sibe Mill,LA,Pujhagow,53639
Brett,L,Sanders,8/1/1977,$4185.97,ac@idi.la,Female,(436) 864-1733,Voncu Square,CO,Cunuhfu,40174
Peter,L,Coleman,7/17/1965,$1894.18,ic@migin.tn,Male,(923) 435-1023,Mowzow Loop,MA,Diwkuzib,69174
Harvey,V,Wilkins,8/3/1990,$2286.54,ehisowew@sapajod.mp,Male,(222) 385-3010,Acfih Circle,AL,Imuavzug,32827
Agnes,M,Nash,2/26/1970,$5521.61,misahu@ruwar.to,Female,(749) 934-5726,Wigci Drive,DE,Emowca,20203
Leah,Z,Dennis,8/29/1995,$1610.26,mupadro@hagrub.ca,Female,(874) 866-3942,Luih Pass,AL,Cezovviz,42543
Marion,Y,Chapman,12/22/1987,$9255.47,fijforvuf@tor.il,Male,(230) 961-4423,Wuzwup Glen,CT,Kiuzuteg,47044
Effie,S,Goodman,3/5/1973,$5316.75,af@vab.va,Female,(767) 653-5682,Iwzed Street,WY,Ijmarhe,12481
Joel,A,Davidson,7/23/1955,$6111.32,cokcezpi@dup.gf,Male,(384) 745-4875,Vezto Extension,TX,Jibuptij,85945
Noah,O,Gilbert,3/22/1987,$3240.25,bo@se.kp,Female,(222) 261-2933,Ulagug Boulevard,NV,Haahizov,64825
Margaret,L,Higgins,6/20/1959,$4028.36,ucvi@wob.to,Male,(271) 500-7516,Goca Manor,VA,Hiimili,04292
Angel,L,Fisher,1/12/1992,$860.58,wotac@jololuni.sv,Male,(560) 386-2505,Segod Center,TN,Uhiewru,52341
Cordelia,S,Chambers,1/14/1981,$2250.74,hunro@ci.sg,Male,(768) 575-8843,Fowu Trail,DE,Casudliz,14607
Ada,G,Silva,7/16/1993,$8828.15,laleope@kipirgig.sj,Male,(958) 831-9597,Iseus Pass,MO,Sujfapi,33030
Cordelia,F,West,2/5/1998,$1447.86,nafvi@daoreg.cz,Female,(764) 793-5749,Orko Drive,TN,Desmeihe,85042
